<?xml version="1.0" encoding="UTF-8"?>
<project-private xmlns="http://www.netbeans.org/ns/project-private/1">
    <editor-bookmarks xmlns="http://www.netbeans.org/ns/editor-bookmarks/2" lastBookmarkId="0"/>
    <open-files xmlns="http://www.netbeans.org/ns/projectui-open-files/2">
        <group>
            <file>file:/D:/Juan/Ort/TallerProg1/2021/TallerProg2021/GuiaJuego/js/main.js</file>
            <file>file:/D:/Juan/Ort/TallerProg1/2021/TallerProg2021/GuiaJuego/datos.php</file>
            <file>file:/D:/Juan/Ort/TallerProg1/2021/TallerProg2021/GuiaJuego/productos_paginados.php</file>
            <file>file:/D:/Juan/Ort/TallerProg1/2021/TallerProg2021/GuiaJuego/Templates/index.tpl</file>
        </group>
    </open-files>
</project-private>
